tp_weak,tp_pinn
1.441705894470214844e+01,1.452001667022705078e+01
1.381296062469482422e+01,1.408202457427978516e+01
1.285456466674804688e+01,1.321317195892333984e+01
1.126965141296386719e+01,1.242855739593505859e+01
1.414506149291992188e+01,1.407007408142089844e+01
1.229327964782714844e+01,1.279257678985595703e+01
1.117361354827880859e+01,1.248948764801025391e+01
1.185174274444580078e+01,1.273291683197021484e+01
1.285559463500976562e+01,1.342995834350585938e+01
1.540266990661621094e+01,1.542884922027587891e+01
1.561352539062500000e+01,1.564376068115234375e+01
1.442844486236572266e+01,1.454798221588134766e+01
1.345997428894042969e+01,1.381551647186279297e+01
1.241597175598144531e+01,1.302521228790283203e+01
1.299515247344970703e+01,1.343541717529296875e+01
1.434709835052490234e+01,1.434007549285888672e+01
1.557960319519042969e+01,1.544459533691406250e+01
1.549981975555419922e+01,1.529315280914306641e+01
1.537323760986328125e+01,1.539544677734375000e+01
1.471547889709472656e+01,1.487792491912841797e+01
1.304981994628906250e+01,1.356928825378417969e+01
1.276127624511718750e+01,1.332246398925781250e+01
1.388762092590332031e+01,1.416467189788818359e+01
1.450379180908203125e+01,1.461998081207275391e+01
1.642208862304687500e+01,1.663396644592285156e+01
1.115529632568359375e+01,1.245343494415283203e+01
1.372853660583496094e+01,1.367669296264648438e+01
1.473466587066650391e+01,1.451518344879150391e+01
1.365175247192382812e+01,1.367109584808349609e+01
1.291695880889892578e+01,1.347423171997070312e+01
1.228112697601318359e+01,1.300077629089355469e+01
1.305508422851562500e+01,1.356281185150146484e+01
1.305146217346191406e+01,1.350069999694824219e+01
1.259046936035156250e+01,1.314538097381591797e+01
1.166396331787109375e+01,1.262234973907470703e+01
1.123346233367919922e+01,1.249155521392822266e+01
1.241225051879882812e+01,1.290338993072509766e+01
1.024561691284179688e+01,1.230310916900634766e+01
1.187654113769531250e+01,1.251884841918945312e+01
1.250678157806396484e+01,1.285254001617431641e+01
1.092823028564453125e+01,1.239073848724365234e+01
1.093142127990722656e+01,1.242594242095947266e+01
9.988435745239257812e+00,1.231248855590820312e+01
1.022379970550537109e+01,1.232667160034179688e+01
1.241906738281250000e+01,1.307162570953369141e+01
1.048215866088867188e+01,1.234638786315917969e+01
9.749646186828613281e+00,1.229170417785644531e+01
8.764584541320800781e+00,1.224392795562744141e+01
4.913742065429687500e+00,1.217519092559814453e+01
3.180616378784179688e+00,1.215268802642822266e+01
6.643985748291015625e+00,1.220307159423828125e+01
1.141640472412109375e+01,1.256634235382080078e+01
1.065549373626708984e+01,1.238035869598388672e+01
1.400031280517578125e+01,1.426676273345947266e+01
1.091677284240722656e+01,1.241445922851562500e+01
1.045401382446289062e+01,1.235555839538574219e+01
1.002472496032714844e+01,1.230876922607421875e+01
7.512056350708007812e+00,1.220916652679443359e+01
6.324296951293945312e+00,1.219186305999755859e+01
5.191984176635742188e+00,1.217952919006347656e+01
8.883424758911132812e+00,1.224602127075195312e+01
9.691047668457031250e+00,1.229110050201416016e+01
9.042476654052734375e+00,1.225767421722412109e+01
9.838567733764648438e+00,1.230076122283935547e+01
9.844517707824707031e+00,1.230028247833251953e+01
1.236323928833007812e+01,1.302635097503662109e+01
1.193738174438476562e+01,1.276673603057861328e+01
1.212764739990234375e+01,1.289104938507080078e+01
1.346863651275634766e+01,1.384976005554199219e+01
1.080303764343261719e+01,1.238608551025390625e+01
9.561126708984375000e+00,1.227564525604248047e+01
1.082998466491699219e+01,1.231190586090087891e+01
8.630651473999023438e+00,1.221563625335693359e+01
9.184499740600585938e+00,1.224109745025634766e+01
7.379934310913085938e+00,1.221191692352294922e+01
1.268038463592529297e+01,1.326808834075927734e+01
1.202074718475341797e+01,1.282144451141357422e+01
1.180778884887695312e+01,1.267560768127441406e+01
1.074299526214599609e+01,1.238752269744873047e+01
1.133309268951416016e+01,1.251685237884521484e+01
1.154293727874755859e+01,1.257651996612548828e+01
1.208541870117187500e+01,1.284652519226074219e+01
1.369092750549316406e+01,1.399381542205810547e+01
1.171022129058837891e+01,1.261546039581298828e+01
1.432742500305175781e+01,1.411419010162353516e+01
1.282254028320312500e+01,1.291980648040771484e+01
1.416380596160888672e+01,1.402512645721435547e+01
1.443985366821289062e+01,1.431222915649414062e+01
1.443598556518554688e+01,1.456743144989013672e+01
1.150838375091552734e+01,1.253707695007324219e+01
1.367702674865722656e+01,1.393716144561767578e+01
1.237550830841064453e+01,1.290024852752685547e+01
1.254692459106445312e+01,1.307442569732666016e+01
1.178395938873291016e+01,1.260130214691162109e+01
1.126414489746093750e+01,1.247846698760986328e+01
1.087355232238769531e+01,1.237411594390869141e+01
1.190006446838378906e+01,1.247274494171142578e+01
1.367966079711914062e+01,1.353360462188720703e+01
1.183097553253173828e+01,1.258666992187500000e+01
1.379542160034179688e+01,1.408390331268310547e+01
1.344497489929199219e+01,1.380534839630126953e+01
1.249195861816406250e+01,1.307809352874755859e+01
1.395529651641845703e+01,1.419029521942138672e+01
1.353650188446044922e+01,1.378395748138427734e+01
1.282389163970947266e+01,1.331817626953125000e+01
1.244223499298095703e+01,1.280680465698242188e+01
1.176764678955078125e+01,1.246627235412597656e+01
1.281578636169433594e+01,1.301067352294921875e+01
1.289887714385986328e+01,1.321116733551025391e+01
1.417507171630859375e+01,1.434832477569580078e+01
1.698640251159667969e+01,1.751914787292480469e+01
1.570731830596923828e+01,1.587533760070800781e+01
1.608631896972656250e+01,1.630354690551757812e+01
1.510431766510009766e+01,1.508012294769287109e+01
1.635924148559570312e+01,1.654650688171386719e+01
1.600407028198242188e+01,1.598977756500244141e+01
1.409617710113525391e+01,1.424202537536621094e+01
1.363608455657958984e+01,1.386180210113525391e+01
1.462026500701904297e+01,1.458006572723388672e+01
1.567953205108642578e+01,1.543869590759277344e+01
1.584978580474853516e+01,1.560525131225585938e+01
1.425777244567871094e+01,1.406435966491699219e+01
1.490037631988525391e+01,1.467683315277099609e+01
1.392761135101318359e+01,1.386366081237792969e+01
1.533805179595947266e+01,1.537809753417968750e+01
1.640964317321777344e+01,1.669221878051757812e+01
1.407596874237060547e+01,1.423983287811279297e+01
1.556143188476562500e+01,1.550303363800048828e+01
1.574780178070068359e+01,1.567876529693603516e+01
1.634637451171875000e+01,1.641962814331054688e+01
1.622870063781738281e+01,1.616844558715820312e+01
1.745075225830078125e+01,1.783925628662109375e+01
1.766351318359375000e+01,1.813118553161621094e+01
1.735777664184570312e+01,1.768498611450195312e+01
1.696540451049804688e+01,1.713480377197265625e+01
1.782935714721679688e+01,1.835943222045898438e+01
1.714287376403808594e+01,1.730972671508789062e+01
1.894205856323242188e+01,1.969924926757812500e+01
1.625836563110351562e+01,1.594537639617919922e+01
1.529379272460937500e+01,1.495173740386962891e+01
1.508514690399169922e+01,1.480684852600097656e+01
1.345595550537109375e+01,1.377275657653808594e+01
1.508676433563232422e+01,1.508018589019775391e+01
1.403690814971923828e+01,1.416625690460205078e+01
1.447054195404052734e+01,1.452578258514404297e+01
1.379196453094482422e+01,1.391693115234375000e+01
1.548780632019042969e+01,1.536323165893554688e+01
1.478819274902343750e+01,1.465686607360839844e+01
1.670297622680664062e+01,1.675582504272460938e+01
1.597178077697753906e+01,1.584155273437500000e+01
1.899050903320312500e+01,1.993807029724121094e+01
2.119509696960449219e+01,2.052543830871582031e+01
1.957488632202148438e+01,2.027288055419921875e+01
1.811065864562988281e+01,1.871852302551269531e+01
1.698138236999511719e+01,1.724781036376953125e+01
1.839815902709960938e+01,1.920613670349121094e+01
1.491068744659423828e+01,1.493120479583740234e+01
1.409071350097656250e+01,1.414422988891601562e+01
1.509610939025878906e+01,1.497939395904541016e+01
1.400836753845214844e+01,1.406909465789794922e+01
1.449251365661621094e+01,1.438021564483642578e+01
1.526620864868164062e+01,1.506746578216552734e+01
1.647679519653320312e+01,1.649272918701171875e+01
1.616542243957519531e+01,1.609887123107910156e+01
1.790821838378906250e+01,1.845347595214843750e+01
1.781093215942382812e+01,1.812469673156738281e+01
1.863064575195312500e+01,1.927754211425781250e+01
1.814531135559082031e+01,1.861926651000976562e+01
1.822921371459960938e+01,1.875480079650878906e+01
1.675927162170410156e+01,1.654803848266601562e+01
1.580393791198730469e+01,1.547002220153808594e+01
1.639627456665039062e+01,1.645184516906738281e+01
1.559049320220947266e+01,1.549594879150390625e+01
1.471426296234130859e+01,1.469519901275634766e+01
1.388765430450439453e+01,1.401326656341552734e+01
1.505430984497070312e+01,1.490652561187744141e+01
1.762647056579589844e+01,1.807579040527343750e+01
1.990190505981445312e+01,2.045698547363281250e+01
2.115004539489746094e+01,2.053152084350585938e+01
2.102980995178222656e+01,2.052964401245117188e+01
2.109472274780273438e+01,2.052651023864746094e+01
2.099803352355957031e+01,2.051836204528808594e+01
2.222604179382324219e+01,2.053689193725585938e+01
1.564252853393554688e+01,1.565066719055175781e+01
1.413787651062011719e+01,1.424167728424072266e+01
1.428157329559326172e+01,1.429718494415283203e+01
1.832017898559570312e+01,1.908019256591796875e+01
1.703931045532226562e+01,1.711566925048828125e+01
2.138459968566894531e+01,2.052696228027343750e+01
2.169096183776855469e+01,2.053229904174804688e+01
2.394893264770507812e+01,2.054201889038085938e+01
2.430722045898437500e+01,2.054257202148437500e+01
2.534788513183593750e+01,2.054322052001953125e+01
2.237025833129882812e+01,2.053659439086914062e+01
2.154620552062988281e+01,2.052610397338867188e+01
1.884057617187500000e+01,1.963779830932617188e+01
1.185122776031494141e+01,1.261402225494384766e+01
1.491510677337646484e+01,1.485118484497070312e+01
1.397727108001708984e+01,1.403278636932373047e+01
1.543915557861328125e+01,1.524983119964599609e+01
1.675502967834472656e+01,1.680814743041992188e+01
1.791106796264648438e+01,1.846650505065917969e+01
1.759418869018554688e+01,1.800626945495605469e+01
1.599015617370605469e+01,1.579650974273681641e+01
1.738615798950195312e+01,1.765047454833984375e+01
1.943482208251953125e+01,2.012314796447753906e+01
1.995092773437500000e+01,2.038470840454101562e+01
2.083760452270507812e+01,2.051108360290527344e+01
2.089786529541015625e+01,2.051589202880859375e+01
1.634127807617187500e+01,1.628714561462402344e+01
1.658051490783691406e+01,1.658957672119140625e+01
1.678588104248046875e+01,1.713434982299804688e+01
1.577144813537597656e+01,1.587311267852783203e+01
1.331072902679443359e+01,1.362751770019531250e+01
1.393775272369384766e+01,1.410739040374755859e+01
1.497313785552978516e+01,1.489385509490966797e+01
1.520260810852050781e+01,1.507541370391845703e+01
1.485857200622558594e+01,1.472684383392333984e+01
1.546683788299560547e+01,1.502961444854736328e+01
1.537365913391113281e+01,1.491766548156738281e+01
1.487620162963867188e+01,1.451092338562011719e+01
1.585662746429443359e+01,1.553309631347656250e+01
1.588566207885742188e+01,1.590996742248535156e+01
1.475144100189208984e+01,1.476199626922607422e+01
1.357065677642822266e+01,1.373729228973388672e+01
1.117244625091552734e+01,1.237154483795166016e+01
1.825112724304199219e+01,1.890606307983398438e+01
1.914934158325195312e+01,1.989963531494140625e+01
1.982670593261718750e+01,2.033197021484375000e+01
1.925624656677246094e+01,1.991722869873046875e+01
2.190961265563964844e+01,2.053233146667480469e+01
2.220862007141113281e+01,2.053508949279785156e+01
2.110083198547363281e+01,2.051839447021484375e+01
2.000665664672851562e+01,2.040684127807617188e+01
1.654079437255859375e+01,1.677480316162109375e+01
1.531877136230468750e+01,1.521321010589599609e+01
1.450172805786132812e+01,1.450855731964111328e+01
1.415210247039794922e+01,1.411959075927734375e+01
1.722778892517089844e+01,1.747682380676269531e+01
2.010042953491210938e+01,2.047280502319335938e+01
1.963854217529296875e+01,2.025015640258789062e+01
2.102567672729492188e+01,2.051770210266113281e+01
2.134638977050781250e+01,2.052708435058593750e+01
1.896747589111328125e+01,1.978880691528320312e+01
1.760388183593750000e+01,1.818030166625976562e+01
1.674552154541015625e+01,1.694672393798828125e+01
1.266019439697265625e+01,1.303142070770263672e+01
1.238996791839599609e+01,1.281852054595947266e+01
1.573434257507324219e+01,1.563100147247314453e+01
1.667847442626953125e+01,1.686094474792480469e+01
1.727678108215332031e+01,1.752081680297851562e+01
1.627032279968261719e+01,1.608522796630859375e+01
1.781937599182128906e+01,1.814495849609375000e+01
1.790367507934570312e+01,1.819177246093750000e+01
2.091096115112304688e+01,2.051129341125488281e+01
1.898652648925781250e+01,1.974188041687011719e+01
1.879896354675292969e+01,1.942407608032226562e+01
1.777559661865234375e+01,1.817198562622070312e+01
1.516176605224609375e+01,1.503984737396240234e+01
1.365016365051269531e+01,1.373801136016845703e+01
1.530935287475585938e+01,1.507676410675048828e+01
1.616287803649902344e+01,1.600477600097656250e+01
1.677243995666503906e+01,1.670361709594726562e+01
1.769898033142089844e+01,1.799091148376464844e+01
1.890351295471191406e+01,1.961086463928222656e+01
1.922874069213867188e+01,2.000933837890625000e+01
2.159526824951171875e+01,2.052830886840820312e+01
2.058940505981445312e+01,2.048873901367187500e+01
1.738296890258789062e+01,1.780507278442382812e+01
1.621316909790039062e+01,1.639661026000976562e+01
1.618911170959472656e+01,1.624270439147949219e+01
1.540898227691650391e+01,1.529745578765869141e+01
1.448097705841064453e+01,1.442688083648681641e+01
1.506682968139648438e+01,1.492283916473388672e+01
1.569582176208496094e+01,1.550444793701171875e+01
1.557686328887939453e+01,1.535437679290771484e+01
2.122142791748046875e+01,2.051935768127441406e+01
2.052553939819335938e+01,2.047809982299804688e+01
2.205118942260742188e+01,2.053357696533203125e+01
1.899017715454101562e+01,1.976253128051757812e+01
1.856042671203613281e+01,1.917686462402343750e+01
1.948107528686523438e+01,2.009079933166503906e+01
1.574739933013916016e+01,1.568962383270263672e+01
1.760037612915039062e+01,1.817421340942382812e+01
1.465079975128173828e+01,1.465062141418457031e+01
1.456870174407958984e+01,1.455382633209228516e+01
1.428073120117187500e+01,1.427121448516845703e+01
1.295539379119873047e+01,1.323883438110351562e+01
1.353439903259277344e+01,1.371496391296386719e+01
1.466094398498535156e+01,1.456952762603759766e+01
1.502628898620605469e+01,1.485854530334472656e+01
1.683165931701660156e+01,1.702867889404296875e+01
1.503093433380126953e+01,1.485553932189941406e+01
1.734980201721191406e+01,1.752223587036132812e+01
1.513165473937988281e+01,1.467031860351562500e+01
1.699947738647460938e+01,1.686138153076171875e+01
1.518863773345947266e+01,1.488481998443603516e+01
1.443338680267333984e+01,1.444949436187744141e+01
1.496426010131835938e+01,1.491046142578125000e+01
1.281015110015869141e+01,1.309097385406494141e+01
1.462952518463134766e+01,1.457370758056640625e+01
1.210638523101806641e+01,1.262544345855712891e+01
1.335545158386230469e+01,1.348388481140136719e+01
1.189476585388183594e+01,1.253886890411376953e+01
1.295116519927978516e+01,1.318240642547607422e+01
1.150288295745849609e+01,1.240356731414794922e+01
1.187633800506591797e+01,1.250317096710205078e+01
1.354881954193115234e+01,1.335338878631591797e+01
1.139697647094726562e+01,1.233848094940185547e+01
1.277716541290283203e+01,1.277768039703369141e+01
1.257086753845214844e+01,1.269390392303466797e+01
9.756809234619140625e+00,1.226836776733398438e+01
1.304561614990234375e+01,1.333612537384033203e+01
1.177231502532958984e+01,1.255375003814697266e+01
1.281182956695556641e+01,1.312600517272949219e+01
1.256675434112548828e+01,1.298209571838378906e+01
1.155941963195800781e+01,1.242164134979248047e+01
1.295282745361328125e+01,1.321495151519775391e+01
1.372634601593017578e+01,1.385058212280273438e+01
1.159822750091552734e+01,1.244159603118896484e+01
1.477390766143798828e+01,1.443524456024169922e+01
1.262887096405029297e+01,1.271979236602783203e+01
1.218732833862304688e+01,1.261687564849853516e+01
1.159348201751708984e+01,1.245477008819580078e+01
1.122401905059814453e+01,1.233787059783935547e+01
1.156724739074707031e+01,1.240262889862060547e+01
1.196280670166015625e+01,1.253521823883056641e+01
1.245418357849121094e+01,1.276190471649169922e+01
1.335369110107421875e+01,1.311558628082275391e+01
1.188434028625488281e+01,1.244022178649902344e+01
1.288432312011718750e+01,1.288285160064697266e+01
1.259884262084960938e+01,1.283205223083496094e+01
1.038908290863037109e+01,1.232014846801757812e+01
1.174145221710205078e+01,1.252406787872314453e+01
1.259130668640136719e+01,1.283198738098144531e+01
1.371848869323730469e+01,1.356365489959716797e+01
1.380696487426757812e+01,1.364088630676269531e+01
1.455287170410156250e+01,1.432198047637939453e+01
1.638593292236328125e+01,1.611939430236816406e+01
2.190123176574707031e+01,2.053199958801269531e+01
2.076963043212890625e+01,2.049994659423828125e+01
1.583546924591064453e+01,1.572866821289062500e+01
1.465968036651611328e+01,1.464135932922363281e+01
1.154956912994384766e+01,1.249440670013427734e+01
1.146213817596435547e+01,1.246922683715820312e+01
1.500344848632812500e+01,1.487904071807861328e+01
1.366246414184570312e+01,1.372631740570068359e+01
1.437279987335205078e+01,1.420683479309082031e+01
1.564888000488281250e+01,1.535857868194580078e+01
1.866919326782226562e+01,1.921687698364257812e+01
2.027339363098144531e+01,2.042250061035156250e+01
2.190009307861328125e+01,2.053046035766601562e+01
2.225666427612304688e+01,2.053271865844726562e+01
1.975909805297851562e+01,2.021098518371582031e+01
1.595559310913085938e+01,1.603288841247558594e+01
1.590340614318847656e+01,1.593712615966796875e+01
1.701396560668945312e+01,1.720845603942871094e+01
2.155957412719726562e+01,2.053134346008300781e+01
2.262161445617675781e+01,2.053923034667968750e+01
2.318817520141601562e+01,2.054000282287597656e+01
2.531551170349121094e+01,2.054294013977050781e+01
2.519365310668945312e+01,2.054254531860351562e+01
2.647281646728515625e+01,2.054314804077148438e+01
2.367973136901855469e+01,2.053916358947753906e+01
1.776512145996093750e+01,1.821527671813964844e+01
1.726031112670898438e+01,1.773946762084960938e+01
1.531600379943847656e+01,1.522349071502685547e+01
1.661523056030273438e+01,1.678652954101562500e+01
1.695073699951171875e+01,1.720615005493164062e+01
1.792311096191406250e+01,1.847077560424804688e+01
1.913860130310058594e+01,1.992463302612304688e+01
1.838161849975585938e+01,1.901032638549804688e+01
1.923768424987792969e+01,1.983260917663574219e+01
2.210910797119140625e+01,2.053237342834472656e+01
2.494345474243164062e+01,2.054120635986328125e+01
2.237881851196289062e+01,2.053049087524414062e+01
1.906029891967773438e+01,1.971920776367187500e+01
1.662608337402343750e+01,1.690447998046875000e+01
1.626326751708984375e+01,1.647896766662597656e+01
1.561408042907714844e+01,1.564283466339111328e+01
1.537741088867187500e+01,1.538551425933837891e+01
1.533001899719238281e+01,1.511512756347656250e+01
1.598831558227539062e+01,1.590620136260986328e+01
1.725015449523925781e+01,1.754743576049804688e+01
1.708041000366210938e+01,1.719534873962402344e+01
2.177650642395019531e+01,2.052537536621093750e+01
1.732986068725585938e+01,1.769136238098144531e+01
1.481156444549560547e+01,1.478900718688964844e+01
1.569943141937255859e+01,1.565653133392333984e+01
1.482199573516845703e+01,1.460209751129150391e+01
1.561659049987792969e+01,1.544777393341064453e+01
1.656916046142578125e+01,1.654306030273437500e+01
1.582994461059570312e+01,1.560977363586425781e+01
1.690110969543457031e+01,1.703966522216796875e+01
1.695947647094726562e+01,1.692196083068847656e+01
2.152192306518554688e+01,2.051994323730468750e+01
2.152823829650878906e+01,2.052122879028320312e+01
2.017692184448242188e+01,2.040503311157226562e+01
2.156637191772460938e+01,2.052640151977539062e+01
1.508155727386474609e+01,1.500072288513183594e+01
1.430607891082763672e+01,1.429790592193603516e+01
1.443737030029296875e+01,1.430178642272949219e+01
1.580639934539794922e+01,1.564120769500732422e+01
1.475075435638427734e+01,1.455137157440185547e+01
1.579873943328857422e+01,1.546119213104248047e+01
1.828999900817871094e+01,1.881840515136718750e+01
1.705651283264160156e+01,1.704442405700683594e+01
1.831682586669921875e+01,1.860342788696289062e+01
1.840064430236816406e+01,1.877412414550781250e+01
1.866283035278320312e+01,1.927273941040039062e+01
1.644315338134765625e+01,1.627664947509765625e+01
1.549666213989257812e+01,1.550214672088623047e+01
1.600548171997070312e+01,1.581827354431152344e+01
1.613702774047851562e+01,1.596712970733642578e+01
1.638069534301757812e+01,1.620548629760742188e+01
1.934427261352539062e+01,2.009771728515625000e+01
1.853033828735351562e+01,1.914716339111328125e+01
1.813296508789062500e+01,1.853352355957031250e+01
1.988590049743652344e+01,2.027957153320312500e+01
1.959738349914550781e+01,2.021125602722167969e+01
1.861009597778320312e+01,1.935807037353515625e+01
1.532074356079101562e+01,1.523564434051513672e+01
1.559382629394531250e+01,1.539977169036865234e+01
1.782168769836425781e+01,1.823072433471679688e+01
1.983173179626464844e+01,2.036464691162109375e+01
1.746980667114257812e+01,1.750779151916503906e+01
1.961400413513183594e+01,2.013783836364746094e+01
2.007623672485351562e+01,2.033586502075195312e+01
2.108560180664062500e+01,2.050814819335937500e+01
2.221477890014648438e+01,2.053169631958007812e+01
2.150492477416992188e+01,2.052321624755859375e+01
2.096595382690429688e+01,2.050986862182617188e+01
1.424489212036132812e+01,1.412206840515136719e+01
1.708785247802734375e+01,1.717826080322265625e+01
1.785761642456054688e+01,1.814948463439941406e+01
2.100034141540527344e+01,2.051737594604492188e+01
2.073534202575683594e+01,2.051160812377929688e+01
2.049532890319824219e+01,2.049651718139648438e+01
1.639738655090332031e+01,1.601500892639160156e+01
2.488471221923828125e+01,2.054171752929687500e+01
2.276342391967773438e+01,2.053460311889648438e+01
2.189277267456054688e+01,2.052842903137207031e+01
1.668555068969726562e+01,1.701224899291992188e+01
1.523509407043457031e+01,1.506525135040283203e+01
1.403875160217285156e+01,1.395645046234130859e+01
1.583500957489013672e+01,1.553073692321777344e+01
2.124642181396484375e+01,2.052820396423339844e+01
2.338252639770507812e+01,2.054223251342773438e+01
2.258588790893554688e+01,2.054027938842773438e+01
2.301558303833007812e+01,2.054145622253417969e+01
2.307866287231445312e+01,2.053692245483398438e+01
2.206425285339355469e+01,2.053042984008789062e+01
2.082625198364257812e+01,2.049078369140625000e+01
2.203482246398925781e+01,2.053243446350097656e+01
2.049745559692382812e+01,2.047089004516601562e+01
1.845986938476562500e+01,1.909481430053710938e+01
1.665645980834960938e+01,1.661103820800781250e+01
1.457958793640136719e+01,1.433469676971435547e+01
1.581938076019287109e+01,1.582932567596435547e+01
1.288843059539794922e+01,1.307816982269287109e+01
1.386367511749267578e+01,1.387568855285644531e+01
1.435603713989257812e+01,1.425843143463134766e+01
1.738040924072265625e+01,1.747272872924804688e+01
1.760889434814453125e+01,1.794648361206054688e+01
1.731396102905273438e+01,1.770091629028320312e+01
1.504304695129394531e+01,1.466612720489501953e+01
1.577275276184082031e+01,1.555269718170166016e+01
1.451963615417480469e+01,1.446107006072998047e+01
1.590985393524169922e+01,1.590945434570312500e+01
1.358493804931640625e+01,1.365994644165039062e+01
1.468504333496093750e+01,1.460369014739990234e+01
1.525049877166748047e+01,1.501944446563720703e+01
1.477248668670654297e+01,1.455056667327880859e+01
1.484873199462890625e+01,1.476377773284912109e+01
1.277325344085693359e+01,1.283211898803710938e+01
1.372164630889892578e+01,1.339256763458251953e+01
1.265198898315429688e+01,1.261154079437255859e+01
1.312877845764160156e+01,1.284210681915283203e+01
1.435240077972412109e+01,1.393988513946533203e+01
1.180294990539550781e+01,1.237785816192626953e+01
1.377076911926269531e+01,1.389020633697509766e+01
1.474223709106445312e+01,1.469998455047607422e+01
1.380655956268310547e+01,1.370868968963623047e+01
1.644969558715820312e+01,1.640550994873046875e+01
1.455158901214599609e+01,1.433067417144775391e+01
1.318091869354248047e+01,1.315005683898925781e+01
1.350024223327636719e+01,1.347141170501708984e+01
1.322998046875000000e+01,1.323756885528564453e+01
1.082367801666259766e+01,1.229070281982421875e+01
1.181297302246093750e+01,1.253044795989990234e+01
1.545063304901123047e+01,1.496211719512939453e+01
1.654145050048828125e+01,1.632902526855468750e+01
1.428111839294433594e+01,1.391321372985839844e+01
1.400162220001220703e+01,1.402181529998779297e+01
1.398168563842773438e+01,1.392438411712646484e+01
1.437412452697753906e+01,1.428823947906494141e+01
1.461190319061279297e+01,1.446878528594970703e+01
1.493048858642578125e+01,1.467256069183349609e+01
1.677529525756835938e+01,1.685421371459960938e+01
1.528536510467529297e+01,1.501621341705322266e+01
1.619094848632812500e+01,1.576207065582275391e+01
1.533082485198974609e+01,1.480867862701416016e+01
1.603971099853515625e+01,1.586952972412109375e+01
1.375647163391113281e+01,1.343924045562744141e+01
1.336173152923583984e+01,1.344359874725341797e+01
1.568419361114501953e+01,1.579922008514404297e+01
1.391012668609619141e+01,1.397610378265380859e+01
1.321545028686523438e+01,1.332533073425292969e+01
1.387474250793457031e+01,1.385134792327880859e+01
1.365046215057373047e+01,1.362397384643554688e+01
1.471130752563476562e+01,1.449561691284179688e+01
1.492807388305664062e+01,1.470622158050537109e+01
1.469899272918701172e+01,1.452108764648437500e+01
1.241287040710449219e+01,1.275049304962158203e+01
1.620464515686035156e+01,1.582443904876708984e+01
1.578275299072265625e+01,1.534838008880615234e+01
1.439812850952148438e+01,1.400474452972412109e+01
1.353701686859130859e+01,1.359273910522460938e+01
1.571363449096679688e+01,1.560092067718505859e+01
1.576395511627197266e+01,1.568019199371337891e+01
1.435770511627197266e+01,1.412337207794189453e+01
1.411017704010009766e+01,1.389580535888671875e+01
1.483007144927978516e+01,1.459102916717529297e+01
1.623997116088867188e+01,1.608194923400878906e+01
1.647913360595703125e+01,1.633265304565429688e+01
1.465955162048339844e+01,1.425490856170654297e+01
1.519082832336425781e+01,1.484949684143066406e+01
1.573907089233398438e+01,1.549972629547119141e+01
1.262047576904296875e+01,1.263263511657714844e+01
1.238019371032714844e+01,1.258812427520751953e+01
1.321182537078857422e+01,1.340616321563720703e+01
1.235439014434814453e+01,1.274508190155029297e+01
1.345926189422607422e+01,1.355618476867675781e+01
1.298043251037597656e+01,1.299414920806884766e+01
1.460076522827148438e+01,1.437289428710937500e+01
1.304069042205810547e+01,1.311053371429443359e+01
1.264615535736083984e+01,1.287403583526611328e+01
1.391926860809326172e+01,1.356493949890136719e+01
1.523826694488525391e+01,1.477448177337646484e+01
1.368049812316894531e+01,1.330529022216796875e+01
1.058981704711914062e+01,1.225622653961181641e+01
1.068227005004882812e+01,1.228217220306396484e+01
1.199006843566894531e+01,1.251173496246337891e+01
1.468893814086914062e+01,1.470559883117675781e+01
1.266018009185791016e+01,1.289518260955810547e+01
1.425972652435302734e+01,1.419342327117919922e+01
1.331629085540771484e+01,1.334303092956542969e+01
1.425200176239013672e+01,1.407651329040527344e+01
1.238911533355712891e+01,1.262156391143798828e+01
1.237551498413085938e+01,1.259511280059814453e+01
1.261701774597167969e+01,1.265468692779541016e+01
1.768534851074218750e+01,1.789749526977539062e+01
1.681821060180664062e+01,1.695828056335449219e+01
1.340557670593261719e+01,1.305822944641113281e+01
1.441849899291992188e+01,1.404396915435791016e+01
1.395681571960449219e+01,1.363380718231201172e+01
1.533616447448730469e+01,1.527411460876464844e+01
1.409289550781250000e+01,1.406456851959228516e+01
1.739545440673828125e+01,1.744182205200195312e+01
2.271624183654785156e+01,2.053727531433105469e+01
2.020608520507812500e+01,2.042377853393554688e+01
1.858638000488281250e+01,1.903914260864257812e+01
1.735408782958984375e+01,1.776011657714843750e+01
1.347956371307373047e+01,1.349621295928955078e+01
1.193881034851074219e+01,1.248989582061767578e+01
1.192673015594482422e+01,1.248692989349365234e+01
1.690542602539062500e+01,1.704079055786132812e+01
2.173745727539062500e+01,2.052928924560546875e+01
2.236705398559570312e+01,2.053080749511718750e+01
2.357015037536621094e+01,2.053653717041015625e+01
2.293029212951660156e+01,2.053404235839843750e+01
2.309111785888671875e+01,2.053672409057617188e+01
2.186376953125000000e+01,2.052856445312500000e+01
2.078355216979980469e+01,2.048603630065917969e+01
1.963849639892578125e+01,2.004538917541503906e+01
1.491792869567871094e+01,1.491601467132568359e+01
1.471903514862060547e+01,1.467698287963867188e+01
1.409606552124023438e+01,1.403590297698974609e+01
1.460830879211425781e+01,1.448423099517822266e+01
1.542700004577636719e+01,1.513404369354248047e+01
1.582389259338378906e+01,1.549440670013427734e+01
1.766757965087890625e+01,1.800134468078613281e+01
2.026406097412109375e+01,2.042137145996093750e+01
2.239403152465820312e+01,2.053305816650390625e+01
2.340134620666503906e+01,2.053583526611328125e+01
2.744792556762695312e+01,2.054318618774414062e+01
2.668819999694824219e+01,2.054264068603515625e+01
1.711384201049804688e+01,1.739621543884277344e+01
1.341436672210693359e+01,1.352815723419189453e+01
1.277677631378173828e+01,1.297280216217041016e+01
1.593385696411132812e+01,1.568951416015625000e+01
1.515913772583007812e+01,1.472529697418212891e+01
1.725074386596679688e+01,1.744767570495605469e+01
2.093087959289550781e+01,2.046105957031250000e+01
2.374971389770507812e+01,2.053642654418945312e+01
2.380607414245605469e+01,2.053746223449707031e+01
1.989792633056640625e+01,2.014193153381347656e+01
1.845528030395507812e+01,1.884375381469726562e+01
1.174833679199218750e+01,1.246727371215820312e+01
1.456845283508300781e+01,1.446894359588623047e+01
1.690639114379882812e+01,1.702117538452148438e+01
1.662635612487792969e+01,1.662630081176757812e+01
1.571070098876953125e+01,1.549811840057373047e+01
1.707371520996093750e+01,1.727268981933593750e+01
1.872232818603515625e+01,1.919127845764160156e+01
2.033020019531250000e+01,2.045382308959960938e+01
1.646404075622558594e+01,1.648781013488769531e+01
1.700842094421386719e+01,1.728002738952636719e+01
1.191085815429687500e+01,1.249850559234619141e+01
1.189363384246826172e+01,1.250041103363037109e+01
1.347371959686279297e+01,1.354253864288330078e+01
1.369680786132812500e+01,1.368987751007080078e+01
1.603171920776367188e+01,1.612583923339843750e+01
1.679373550415039062e+01,1.705955505371093750e+01
1.438140583038330078e+01,1.439575290679931641e+01
1.173186111450195312e+01,1.244819355010986328e+01
1.548604393005371094e+01,1.521574687957763672e+01
1.701783370971679688e+01,1.711270141601562500e+01
1.616042327880859375e+01,1.629543876647949219e+01
1.191561889648437500e+01,1.247324085235595703e+01
1.111473178863525391e+01,1.234100341796875000e+01
1.432872200012207031e+01,1.437744045257568359e+01
1.286961936950683594e+01,1.304697036743164062e+01
1.477258491516113281e+01,1.478232860565185547e+01
1.480850315093994141e+01,1.474657154083251953e+01
1.695450973510742188e+01,1.730044364929199219e+01
1.796071624755859375e+01,1.838668632507324219e+01
1.799311828613281250e+01,1.842307662963867188e+01
1.913674163818359375e+01,1.962631988525390625e+01
1.990917205810546875e+01,2.027984046936035156e+01
1.884145355224609375e+01,1.960684967041015625e+01
1.617823219299316406e+01,1.600961875915527344e+01
1.647386550903320312e+01,1.665592956542968750e+01
1.606928634643554688e+01,1.622558212280273438e+01
1.641517066955566406e+01,1.664547538757324219e+01
1.917804145812988281e+01,1.970445251464843750e+01
1.892386817932128906e+01,1.946316528320312500e+01
1.935499954223632812e+01,1.985949707031250000e+01
1.976079368591308594e+01,2.012894439697265625e+01
1.821938323974609375e+01,1.859118270874023438e+01
1.681758689880371094e+01,1.686074447631835938e+01
2.083006286621093750e+01,2.049100494384765625e+01
1.345781517028808594e+01,1.351665592193603516e+01
1.532734489440917969e+01,1.516013813018798828e+01
1.528534984588623047e+01,1.512549114227294922e+01
1.762615966796875000e+01,1.800088882446289062e+01
1.520464324951171875e+01,1.496693515777587891e+01
1.578366470336914062e+01,1.566911792755126953e+01
1.580841636657714844e+01,1.573318576812744141e+01
1.491189956665039062e+01,1.481512832641601562e+01
1.602863311767578125e+01,1.591250896453857422e+01
1.402695083618164062e+01,1.369506359100341797e+01
1.729237937927246094e+01,1.746218109130859375e+01
1.356554794311523438e+01,1.312932491302490234e+01
1.281753158569335938e+01,1.285610294342041016e+01
1.348868560791015625e+01,1.356378459930419922e+01
1.291395854949951172e+01,1.301498508453369141e+01
1.353996944427490234e+01,1.356487751007080078e+01
1.464606094360351562e+01,1.446185016632080078e+01
1.529934120178222656e+01,1.520924091339111328e+01
1.580179500579833984e+01,1.563367366790771484e+01
1.356118011474609375e+01,1.358441257476806641e+01
1.356648063659667969e+01,1.329464054107666016e+01
1.474334716796875000e+01,1.427641582489013672e+01
1.191668701171875000e+01,1.241792011260986328e+01
1.606313705444335938e+01,1.618089675903320312e+01
1.680754280090332031e+01,1.705171394348144531e+01
1.625672149658203125e+01,1.618062210083007812e+01
1.500641822814941406e+01,1.472882461547851562e+01
1.608617782592773438e+01,1.596154880523681641e+01
1.650246047973632812e+01,1.642525100708007812e+01
1.542835617065429688e+01,1.505413627624511719e+01
1.688658142089843750e+01,1.689167785644531250e+01
1.434546566009521484e+01,1.402584934234619141e+01
1.847467994689941406e+01,1.883095550537109375e+01
1.797173118591308594e+01,1.838544082641601562e+01
1.795859718322753906e+01,1.858123397827148438e+01
1.699682998657226562e+01,1.726594352722167969e+01
1.563055038452148438e+01,1.547333049774169922e+01
1.588458728790283203e+01,1.565678310394287109e+01
1.766720008850097656e+01,1.764282035827636719e+01
1.922258758544921875e+01,1.974691200256347656e+01
1.826725387573242188e+01,1.853986740112304688e+01
1.877320861816406250e+01,1.916068458557128906e+01
2.275342559814453125e+01,2.053225898742675781e+01
2.272395515441894531e+01,2.053000259399414062e+01
2.032163619995117188e+01,2.040879249572753906e+01
2.080230331420898438e+01,2.044964408874511719e+01
1.771767044067382812e+01,1.809066009521484375e+01
1.835334396362304688e+01,1.867730903625488281e+01
1.679721832275390625e+01,1.693999481201171875e+01
1.781871032714843750e+01,1.819275665283203125e+01
1.764843559265136719e+01,1.793611907958984375e+01
2.033050155639648438e+01,2.040813064575195312e+01
2.047000885009765625e+01,2.045006179809570312e+01
2.099982452392578125e+01,2.050566291809082031e+01
2.212728118896484375e+01,2.051914596557617188e+01
2.098194694519042969e+01,2.049939346313476562e+01
1.955768585205078125e+01,2.019189071655273438e+01
1.726591491699218750e+01,1.760182189941406250e+01
1.404031181335449219e+01,1.382069873809814453e+01
1.580371856689453125e+01,1.575877094268798828e+01
1.779203033447265625e+01,1.814421272277832031e+01
1.772886657714843750e+01,1.805044746398925781e+01
1.965291213989257812e+01,2.003313827514648438e+01
1.801302909851074219e+01,1.825746154785156250e+01
2.154807662963867188e+01,2.052515983581542969e+01
2.253567504882812500e+01,2.053536796569824219e+01
2.370934295654296875e+01,2.053734588623046875e+01
2.161335372924804688e+01,2.049918365478515625e+01
2.531260681152343750e+01,2.053937530517578125e+01
2.122283554077148438e+01,2.046233749389648438e+01
2.112863540649414062e+01,2.042572021484375000e+01
1.553140449523925781e+01,1.547994136810302734e+01
1.626229476928710938e+01,1.639577484130859375e+01
1.492785167694091797e+01,1.466711330413818359e+01
1.288194465637207031e+01,1.286099243164062500e+01
1.398406600952148438e+01,1.380248737335205078e+01
1.736671638488769531e+01,1.748280906677246094e+01
2.390626525878906250e+01,2.054008865356445312e+01
2.466551971435546875e+01,2.053932571411132812e+01
2.557927894592285156e+01,2.054092788696289062e+01
2.710944938659667969e+01,2.054246139526367188e+01
2.617687034606933594e+01,2.054113006591796875e+01
1.990593719482421875e+01,2.023183250427246094e+01
1.535827541351318359e+01,1.527273750305175781e+01
1.516308784484863281e+01,1.498395824432373047e+01
1.531873226165771484e+01,1.508293056488037109e+01
1.664687538146972656e+01,1.665990447998046875e+01
1.982742118835449219e+01,2.019146347045898438e+01
2.133845520019531250e+01,2.051918792724609375e+01
2.180036735534667969e+01,2.052258872985839844e+01
2.249619674682617188e+01,2.052454376220703125e+01
2.358524322509765625e+01,2.053508377075195312e+01
2.399542236328125000e+01,2.053722000122070312e+01
1.600084686279296875e+01,1.612683105468750000e+01
1.500364112854003906e+01,1.493200778961181641e+01
1.653748130798339844e+01,1.667576217651367188e+01
1.993931198120117188e+01,2.026828002929687500e+01
2.086340141296386719e+01,2.048952865600585938e+01
2.487598419189453125e+01,2.054011535644531250e+01
2.516838073730468750e+01,2.054059219360351562e+01
2.569369888305664062e+01,2.054020309448242188e+01
2.294296646118164062e+01,2.052758789062500000e+01
2.217291069030761719e+01,2.051739883422851562e+01
2.161255073547363281e+01,2.049134826660156250e+01
1.704198837280273438e+01,1.724768257141113281e+01
1.635333633422851562e+01,1.643165206909179688e+01
1.613903045654296875e+01,1.607661056518554688e+01
1.667158317565917969e+01,1.663750839233398438e+01
1.965693092346191406e+01,2.007712173461914062e+01
2.128446578979492188e+01,2.050632095336914062e+01
2.068639564514160156e+01,2.046819686889648438e+01
1.929616928100585938e+01,1.975421524047851562e+01
1.464400672912597656e+01,1.436899280548095703e+01
1.593786430358886719e+01,1.558734989166259766e+01
1.978884124755859375e+01,1.988768005371093750e+01
2.482218170166015625e+01,2.053884696960449219e+01
2.905345153808593750e+01,2.054352188110351562e+01
2.589370346069335938e+01,2.054077529907226562e+01
2.446129608154296875e+01,2.053673934936523438e+01
2.455228805541992188e+01,2.053611183166503906e+01
2.165201950073242188e+01,2.049237060546875000e+01
1.996131134033203125e+01,1.999635314941406250e+01
1.807629394531250000e+01,1.841483306884765625e+01
1.714350128173828125e+01,1.722081947326660156e+01
1.785243988037109375e+01,1.791688728332519531e+01
1.503657627105712891e+01,1.460945606231689453e+01
1.771376037597656250e+01,1.785477828979492188e+01
2.071940612792968750e+01,2.045856285095214844e+01
2.413909912109375000e+01,2.053771018981933594e+01
1.965673446655273438e+01,2.005121421813964844e+01
1.930055999755859375e+01,1.964096260070800781e+01
1.816296005249023438e+01,1.841864013671875000e+01
1.751750183105468750e+01,1.779714965820312500e+01
1.692973518371582031e+01,1.687115097045898438e+01
1.510434818267822266e+01,1.488047504425048828e+01
1.483860206604003906e+01,1.454578113555908203e+01
1.649276351928710938e+01,1.633714675903320312e+01
1.751342582702636719e+01,1.765932464599609375e+01
1.928725814819335938e+01,1.980524253845214844e+01
2.040966224670410156e+01,2.039823722839355469e+01
1.884865570068359375e+01,1.947929763793945312e+01
2.209165954589843750e+01,2.052194213867187500e+01
1.880522346496582031e+01,1.932678222656250000e+01
2.063496780395507812e+01,2.036590194702148438e+01
1.938697052001953125e+01,1.961082077026367188e+01
1.556303691864013672e+01,1.559464168548583984e+01
1.501128101348876953e+01,1.499740505218505859e+01
1.139660835266113281e+01,1.233751392364501953e+01
1.136590862274169922e+01,1.233270835876464844e+01
1.589555358886718750e+01,1.588028621673583984e+01
1.620737075805664062e+01,1.627533721923828125e+01
1.706104278564453125e+01,1.699903869628906250e+01
1.675217437744140625e+01,1.656848526000976562e+01
1.617049217224121094e+01,1.583036041259765625e+01
2.209000587463378906e+01,2.052145195007324219e+01
1.929230499267578125e+01,1.968115425109863281e+01
1.380702018737792969e+01,1.366247081756591797e+01
1.378481483459472656e+01,1.379489040374755859e+01
1.591518688201904297e+01,1.601424598693847656e+01
1.576791191101074219e+01,1.571797657012939453e+01
1.545166206359863281e+01,1.527074909210205078e+01
1.618141746520996094e+01,1.608957672119140625e+01
1.938790702819824219e+01,1.971668434143066406e+01
1.899711227416992188e+01,1.936195945739746094e+01
1.980969619750976562e+01,2.008302307128906250e+01
1.777075767517089844e+01,1.797003364562988281e+01
1.779401397705078125e+01,1.800400924682617188e+01
1.878877639770507812e+01,1.894240570068359375e+01
2.075215911865234375e+01,2.039933395385742188e+01
2.452101898193359375e+01,2.053746414184570312e+01
2.423318290710449219e+01,2.053746795654296875e+01
2.346396636962890625e+01,2.053507614135742188e+01
1.677940177917480469e+01,1.698686027526855469e+01
1.484381008148193359e+01,1.480333423614501953e+01
1.666839218139648438e+01,1.687275314331054688e+01
1.637009429931640625e+01,1.651125335693359375e+01
1.615158843994140625e+01,1.619043922424316406e+01
1.745678138732910156e+01,1.771721458435058594e+01
1.708127593994140625e+01,1.725880813598632812e+01
1.591219520568847656e+01,1.575375843048095703e+01
2.035941696166992188e+01,2.033162879943847656e+01
1.983501625061035156e+01,2.009668731689453125e+01
2.080512619018554688e+01,2.036000633239746094e+01
2.444561386108398438e+01,2.053587913513183594e+01
2.532804870605468750e+01,2.053804779052734375e+01
1.902703094482421875e+01,1.941181945800781250e+01
1.747436332702636719e+01,1.774013137817382812e+01
1.852140235900878906e+01,1.883190155029296875e+01
1.935531234741210938e+01,1.970482254028320312e+01
1.807588386535644531e+01,1.830309677124023438e+01
1.634952163696289062e+01,1.619002532958984375e+01
1.697831916809082031e+01,1.709081077575683594e+01
1.759444427490234375e+01,1.772095489501953125e+01
2.280934333801269531e+01,2.052903747558593750e+01
2.748334312438964844e+01,2.054141616821289062e+01
1.573517322540283203e+01,1.579498100280761719e+01
1.839941406250000000e+01,1.868536186218261719e+01
1.878931236267089844e+01,1.907821273803710938e+01
1.833573532104492188e+01,1.862870788574218750e+01
1.675423812866210938e+01,1.680094718933105469e+01
1.231443405151367188e+01,1.254765319824218750e+01
1.121844863891601562e+01,1.230885791778564453e+01
2.416677093505859375e+01,2.053506851196289062e+01
2.564653778076171875e+01,2.053879737854003906e+01
1.823847389221191406e+01,1.869498062133789062e+01
1.483553791046142578e+01,1.479095268249511719e+01
1.451448249816894531e+01,1.442101764678955078e+01
1.367518901824951172e+01,1.352374362945556641e+01
1.387215614318847656e+01,1.371005725860595703e+01
1.401750278472900391e+01,1.387209129333496094e+01
1.288573837280273438e+01,1.285597515106201172e+01
2.224047851562500000e+01,2.052111053466796875e+01
2.467699813842773438e+01,2.053746414184570312e+01
1.653466987609863281e+01,1.665235900878906250e+01
1.353262233734130859e+01,1.350255203247070312e+01
1.437861728668212891e+01,1.433220958709716797e+01
1.434254741668701172e+01,1.426626300811767578e+01
1.507315540313720703e+01,1.493617725372314453e+01
1.898561477661132812e+01,1.925291633605957031e+01
1.693145370483398438e+01,1.697172927856445312e+01
1.728048324584960938e+01,1.744778442382812500e+01
1.573648071289062500e+01,1.564365673065185547e+01
1.580308437347412109e+01,1.557631397247314453e+01
2.075861740112304688e+01,2.045599746704101562e+01
1.929011535644531250e+01,1.983014297485351562e+01
1.745895957946777344e+01,1.767816734313964844e+01
1.465359210968017578e+01,1.461694526672363281e+01
1.514053535461425781e+01,1.506720256805419922e+01
1.521393966674804688e+01,1.512327480316162109e+01
1.586540889739990234e+01,1.582920932769775391e+01
1.624342346191406250e+01,1.629816627502441406e+01
1.629714775085449219e+01,1.637217330932617188e+01
1.424330711364746094e+01,1.403194332122802734e+01
1.591895103454589844e+01,1.574389839172363281e+01
1.333819961547851562e+01,1.318477916717529297e+01
1.216877555847167969e+01,1.248411941528320312e+01
1.740673637390136719e+01,1.749368286132812500e+01
2.138793563842773438e+01,2.050575637817382812e+01
2.142261505126953125e+01,2.050544357299804688e+01
2.195196533203125000e+01,2.051281166076660156e+01
1.753725051879882812e+01,1.781815338134765625e+01
1.681635475158691406e+01,1.698446655273437500e+01
1.730590438842773438e+01,1.752464866638183594e+01
1.607789230346679688e+01,1.611105918884277344e+01
1.809350967407226562e+01,1.832936096191406250e+01
1.668706321716308594e+01,1.662720870971679688e+01
1.749401664733886719e+01,1.760301780700683594e+01
1.701254272460937500e+01,1.710396575927734375e+01
1.603590965270996094e+01,1.581765079498291016e+01
1.609965896606445312e+01,1.593466281890869141e+01
1.613278961181640625e+01,1.589630985260009766e+01
1.799354171752929688e+01,1.808359909057617188e+01
1.950260543823242188e+01,1.977030944824218750e+01
1.967607688903808594e+01,2.010439491271972656e+01
2.188486862182617188e+01,2.051256942749023438e+01
2.063456535339355469e+01,2.034847259521484375e+01
1.981598281860351562e+01,1.985239791870117188e+01
1.877283477783203125e+01,1.896893310546875000e+01
1.785115814208984375e+01,1.808074569702148438e+01
1.714937782287597656e+01,1.733232879638671875e+01
1.847871589660644531e+01,1.872742462158203125e+01
1.794497299194335938e+01,1.815884017944335938e+01
1.691331481933593750e+01,1.689348793029785156e+01
1.853015899658203125e+01,1.869796752929687500e+01
1.904832077026367188e+01,1.908892822265625000e+01
2.220701789855957031e+01,2.050338935852050781e+01
2.370162963867187500e+01,2.053439712524414062e+01
2.262565612792968750e+01,2.052220153808593750e+01
1.929751968383789062e+01,1.938952636718750000e+01
1.586100387573242188e+01,1.588908386230468750e+01
1.673865890502929688e+01,1.688812255859375000e+01
1.879307746887207031e+01,1.904113388061523438e+01
1.901506614685058594e+01,1.924153518676757812e+01
1.703839111328125000e+01,1.703546905517578125e+01
1.812686920166015625e+01,1.826575851440429688e+01
1.887772369384765625e+01,1.890815353393554688e+01
2.128696823120117188e+01,2.043373489379882812e+01
2.064333724975585938e+01,2.041961288452148438e+01
2.068864059448242188e+01,2.041115188598632812e+01
1.715136528015136719e+01,1.734557533264160156e+01
1.819755172729492188e+01,1.854227066040039062e+01
1.822417259216308594e+01,1.841296768188476562e+01
1.728491973876953125e+01,1.747738456726074219e+01
1.739030647277832031e+01,1.757759857177734375e+01
1.649077224731445312e+01,1.657372665405273438e+01
1.614179420471191406e+01,1.600483322143554688e+01
1.630416679382324219e+01,1.604841995239257812e+01
1.746033287048339844e+01,1.756205558776855469e+01
1.954446029663085938e+01,1.954376220703125000e+01
2.338097381591796875e+01,2.053240203857421875e+01
2.129959487915039062e+01,2.049107551574707031e+01
2.103266143798828125e+01,2.046289825439453125e+01
1.931808853149414062e+01,1.969856834411621094e+01
1.616750907897949219e+01,1.615741157531738281e+01
1.271526527404785156e+01,1.269269084930419922e+01
1.363312435150146484e+01,1.351042747497558594e+01
1.258723068237304688e+01,1.260581684112548828e+01
1.650124549865722656e+01,1.658597183227539062e+01
1.863988494873046875e+01,1.884013366699218750e+01
1.714890289306640625e+01,1.726564788818359375e+01
1.878985023498535156e+01,1.900023269653320312e+01
1.478055858612060547e+01,1.456511974334716797e+01
1.497390937805175781e+01,1.467290878295898438e+01
1.689001846313476562e+01,1.681040763854980469e+01
1.934360122680664062e+01,1.955288314819335938e+01
1.965241622924804688e+01,1.988759994506835938e+01
1.894053268432617188e+01,1.934752845764160156e+01
1.591635513305664062e+01,1.592870426177978516e+01
1.403147602081298828e+01,1.396801662445068359e+01
1.860640716552734375e+01,1.876375007629394531e+01
1.977335739135742188e+01,1.982130813598632812e+01
1.919072532653808594e+01,1.935976219177246094e+01
2.049779891967773438e+01,2.029986953735351562e+01
2.609045982360839844e+01,2.054087448120117188e+01
2.386305427551269531e+01,2.053564453125000000e+01
2.154326820373535156e+01,2.048279380798339844e+01
1.754399299621582031e+01,1.775301361083984375e+01
1.746294212341308594e+01,1.762799263000488281e+01
1.281905174255371094e+01,1.274205493927001953e+01
1.404039764404296875e+01,1.395933055877685547e+01
1.641332054138183594e+01,1.646706008911132812e+01
1.991429519653320312e+01,1.994955062866210938e+01
1.837085342407226562e+01,1.855766296386718750e+01
1.957950019836425781e+01,1.977766036987304688e+01
1.990653610229492188e+01,2.004586219787597656e+01
1.941820716857910156e+01,1.962779998779296875e+01
1.866286849975585938e+01,1.884960937500000000e+01
1.740858078002929688e+01,1.737859344482421875e+01
2.512163543701171875e+01,2.053894805908203125e+01
2.480146026611328125e+01,2.053757095336914062e+01
1.906556320190429688e+01,1.950907135009765625e+01
1.804097175598144531e+01,1.835421943664550781e+01
1.673901176452636719e+01,1.678526496887207031e+01
1.538464736938476562e+01,1.532060718536376953e+01
1.893027877807617188e+01,1.903710174560546875e+01
1.772081565856933594e+01,1.782223510742187500e+01
1.927701187133789062e+01,1.946160888671875000e+01
1.830121231079101562e+01,1.844734191894531250e+01
1.747125244140625000e+01,1.753451919555664062e+01
1.573733615875244141e+01,1.544799900054931641e+01
1.950132751464843750e+01,1.976455879211425781e+01
2.170110511779785156e+01,2.050680732727050781e+01
2.116716957092285156e+01,2.047555160522460938e+01
1.771091461181640625e+01,1.789377593994140625e+01
1.495593643188476562e+01,1.478156757354736328e+01
1.749485778808593750e+01,1.763020706176757812e+01
1.524551773071289062e+01,1.515383815765380859e+01
1.759615707397460938e+01,1.775079154968261719e+01
1.727264785766601562e+01,1.728673362731933594e+01
1.846816253662109375e+01,1.863103675842285156e+01
1.938851165771484375e+01,1.956334114074707031e+01
1.859761810302734375e+01,1.875131988525390625e+01
1.824847412109375000e+01,1.828984260559082031e+01
2.290645217895507812e+01,2.052663040161132812e+01
2.037883377075195312e+01,2.028401374816894531e+01
1.940714263916015625e+01,1.977891540527343750e+01
1.726160812377929688e+01,1.737774658203125000e+01
1.806681060791015625e+01,1.819977378845214844e+01
1.700865936279296875e+01,1.709948730468750000e+01
1.939312744140625000e+01,1.949876213073730469e+01
1.842072868347167969e+01,1.856662750244140625e+01
1.888516235351562500e+01,1.903149795532226562e+01
1.953308677673339844e+01,1.941659164428710938e+01
2.122979354858398438e+01,2.046874046325683594e+01
2.055342864990234375e+01,2.037153244018554688e+01
2.088807296752929688e+01,2.044724655151367188e+01
1.673196411132812500e+01,1.685927963256835938e+01
1.571501922607421875e+01,1.559426212310791016e+01
1.611861038208007812e+01,1.611236000061035156e+01
1.589766788482666016e+01,1.585472965240478516e+01
1.720852279663085938e+01,1.733149337768554688e+01
1.847976112365722656e+01,1.862322616577148438e+01
2.006426620483398438e+01,2.006925964355468750e+01
2.545726966857910156e+01,2.053841018676757812e+01
2.528928565979003906e+01,2.053852844238281250e+01
2.468883514404296875e+01,2.053760337829589844e+01
2.059554290771484375e+01,2.035430145263671875e+01
1.550265502929687500e+01,1.534314441680908203e+01
1.435875320434570312e+01,1.425552749633789062e+01
1.618240547180175781e+01,1.618975830078125000e+01
1.669101715087890625e+01,1.671656417846679688e+01
2.165373039245605469e+01,2.048661613464355469e+01
2.269408798217773438e+01,2.052750015258789062e+01
2.195896911621093750e+01,2.051225280761718750e+01
2.033435440063476562e+01,2.025375366210937500e+01
1.871442031860351562e+01,1.868530464172363281e+01
2.496011352539062500e+01,2.053718185424804688e+01
2.674269866943359375e+01,2.054005241394042969e+01
2.647193527221679688e+01,2.053923988342285156e+01
2.487911415100097656e+01,2.053516960144042969e+01
2.092578506469726562e+01,2.032056808471679688e+01
1.742556762695312500e+01,1.753414916992187500e+01
1.669199943542480469e+01,1.670617294311523438e+01
1.752526092529296875e+01,1.760917282104492188e+01
1.786241912841796875e+01,1.794119834899902344e+01
1.906116867065429688e+01,1.918909454345703125e+01
1.851850509643554688e+01,1.863515853881835938e+01
1.885190582275390625e+01,1.896804809570312500e+01
1.664396286010742188e+01,1.654739570617675781e+01
2.150392532348632812e+01,2.045562934875488281e+01
2.433045768737792969e+01,2.053463745117187500e+01
2.421947860717773438e+01,2.053428268432617188e+01
1.745755004882812500e+01,1.755253601074218750e+01
1.908746910095214844e+01,1.918039703369140625e+01
1.984351921081542969e+01,1.982974624633789062e+01
2.043528938293457031e+01,2.019377326965332031e+01
2.027018165588378906e+01,2.028633499145507812e+01
1.809999656677246094e+01,1.843462753295898438e+01
1.603333091735839844e+01,1.592957782745361328e+01
1.586050796508789062e+01,1.580971240997314453e+01
1.779877853393554688e+01,1.790888214111328125e+01
1.710537338256835938e+01,1.714649200439453125e+01
1.833894538879394531e+01,1.843608093261718750e+01
1.800879287719726562e+01,1.806720352172851562e+01
1.808292198181152344e+01,1.816000938415527344e+01
1.876053047180175781e+01,1.886345863342285156e+01
1.771595764160156250e+01,1.763066864013671875e+01
1.920570373535156250e+01,1.915885925292968750e+01
1.788336944580078125e+01,1.776532363891601562e+01
2.418532562255859375e+01,2.053466796875000000e+01
2.702800559997558594e+01,2.054048728942871094e+01
2.364778518676757812e+01,2.053038406372070312e+01
2.157161140441894531e+01,2.047141647338867188e+01
1.634618377685546875e+01,1.634591102600097656e+01
1.614146995544433594e+01,1.611653327941894531e+01
1.736984252929687500e+01,1.745803833007812500e+01
1.886506271362304688e+01,1.894544982910156250e+01
1.911938858032226562e+01,1.920108795166015625e+01
1.989356803894042969e+01,1.984320449829101562e+01
2.126724243164062500e+01,2.043251800537109375e+01
2.172084236145019531e+01,2.048277091979980469e+01
